{"name":"18b1994e-1aa0-4c3b-9dbc-b72800302cf5","id":"/providers/Microsoft.Flow/flows/18b1994e-1aa0-4c3b-9dbc-b72800302cf5","type":"Microsoft.Flow/flows","properties":{"apiId":"/providers/Microsoft.PowerApps/apis/shared_logicflows","displayName":"InventoryReplenishmentAutoReport","definition":{"metadata":{"workflowEntityId":null,"processAdvisorMetadata":null,"flowChargedByPaygo":null,"flowclientsuspensionreason":"None","flowclientsuspensiontime":null,"flowclientsuspensionreasondetails":"","creator":{"id":"e4be1980-b114-4675-acfc-49558281d3a8","type":"User","tenantId":"47738abe-da8e-4be9-b384-ab41686415ba"},"provisioningMethod":"FromDefinition","failureAlertSubscription":true,"clientLastModifiedTime":"2025-07-28T16:36:42.0281487Z","connectionKeySavedTimeKey":"2025-07-28T15:57:48.729202Z","creationSource":"Portal","modifiedSources":"Portal"},"$schema":"https://schema.management.azure.com/providers/Microsoft.Logic/schemas/2016-06-01/workflowdefinition.json#","contentVersion":"undefined","parameters":{"$authentication":{"defaultValue":{},"type":"SecureObject"},"$connections":{"defaultValue":{},"type":"Object"}},"triggers":{"Recurrence":{"recurrence":{"frequency":"Minute","interval":30,"startTime":"2025-07-28T14:00:00.000Z"},"metadata":{"operationMetadataId":"2ce27a11-6b28-4a66-8ad8-20155ebd04c3"},"type":"Recurrence"}},"actions":{"GetItemRecordsfromBusinessCentral":{"runAfter":{},"metadata":{"operationMetadataId":"76b11873-2f9b-40b3-b590-f7503ce3c38a"},"type":"OpenApiConnection","inputs":{"parameters":{"bcenvironment":"TESTENVIRONMENT","company":"69a4bf5f-b92b-f011-9af3-6045bdac934e","dataset":"custom/inventoryreplenishment/v1.0","table":"itemInventories"},"host":{"apiId":"/providers/Microsoft.PowerApps/apis/shared_dynamicssmbsaas","connectionName":"shared_dynamicssmbsaas","operationId":"GetItemsV3"},"authentication":"@parameters('$authentication')"}},"Filter_array":{"runAfter":{"GetItemRecordsfromBusinessCentral":["Succeeded"]},"metadata":{"operationMetadataId":"b22a7870-7667-4105-9190-b6c5161e995d"},"type":"Query","inputs":{"from":"@outputs('GetItemRecordsfromBusinessCentral')?['body/value']","where":"@less(item()?['Inventory'],item()?['InventoryThreshold'])"}},"Initialize_variable":{"runAfter":{"Filter_array":["Succeeded"]},"metadata":{"operationMetadataId":"44019f1b-25cc-4744-b233-d6edfbacd0fb"},"type":"InitializeVariable","inputs":{"variables":[{"name":"ReplenishmentItems","type":"array"}]}},"Apply_to_each":{"foreach":"@body('Filter_array')","actions":{"Append_to_array_variable":{"metadata":{"operationMetadataId":"6be5850c-035e-426d-8b47-8f1702577471"},"type":"AppendToArrayVariable","inputs":{"name":"ReplenishmentItems","value":"@json(concat('{',\r\n'\"Item No.\":\"', items('Apply_to_each')?['Number'], '\",',\r\n'\"Description\":\"', items('Apply_to_each')?['Description'], '\",',\r\n'\"Inventory\":', string(items('Apply_to_each')?['Inventory']), ',',\r\n'\"Threshold\":', string(items('Apply_to_each')?['InventoryThreshold']), ',',\r\n'\"Max Inventory\":', string(items('Apply_to_each')?['MaximumInventory']), ',',\r\n'\"Replenish Qty\":', string(sub(items('Apply_to_each')?['MaximumInventory'], items('Apply_to_each')?['Inventory'])),\r\n'}'))\r\n"}}},"runAfter":{"Initialize_variable":["Succeeded"]},"metadata":{"operationMetadataId":"824f3e9b-2370-4efa-be0c-235cc0123ffc"},"type":"Foreach"},"Create_HTML_table":{"runAfter":{"Apply_to_each":["Succeeded"]},"metadata":{"operationMetadataId":"2c15ccfa-09c6-40cb-a161-e45849d4fb8e"},"type":"Table","inputs":{"from":"@variables('ReplenishmentItems')","format":"HTML"}},"Send_an_email_to_Admin":{"runAfter":{"Create_HTML_table":["Succeeded"]},"metadata":{"operationMetadataId":"d97f2126-3165-4eb9-bdb6-b7320d25ca19"},"type":"OpenApiConnection","inputs":{"parameters":{"emailMessage/To":"joe@bigals.ca","emailMessage/Subject":"Low Inventory Report - @{utcNow()}","emailMessage/Body":"<p class=\"editor-paragraph\">Hello,</p><br><br><p class=\"editor-paragraph\">The following items are below their inventory threshold and require restocking:<br><br>@{body('Create_HTML_table')}<br><br>Report generated automatically by Power Automate.<br>Thank you.</p><br>","emailMessage/Importance":"Normal"},"host":{"apiId":"/providers/Microsoft.PowerApps/apis/shared_office365","connectionName":"shared_office365","operationId":"SendEmailV2"},"authentication":"@parameters('$authentication')"}}}},"connectionReferences":{"shared_dynamicssmbsaas":{"connectionName":"shared-dynamicssmbsa-30aeaaed-b281-402f-ab93-7c21e2fa9c4a","source":"Embedded","id":"/providers/Microsoft.PowerApps/apis/shared_dynamicssmbsaas","tier":"NotSpecified","apiName":"dynamicssmbsaas","isProcessSimpleApiReferenceConversionAlreadyDone":false},"shared_office365":{"connectionName":"shared-office365-c628033e-0daf-4361-8e8c-ced1933464cf","source":"Embedded","id":"/providers/Microsoft.PowerApps/apis/shared_office365","tier":"NotSpecified","apiName":"office365","isProcessSimpleApiReferenceConversionAlreadyDone":false}},"flowFailureAlertSubscribed":false,"isManaged":false}}